antall_likes_av_kattebilder,lengde_kundeforhold,antall_andre_produkter_kjopt,antall_nyhetsbrev_klikket,antall_annonser_klikket,dager_siden_siste_innlogging,antall_samtykker_gitt,personer_i_husstanden,alder,avstand_til_Butikken_utsalgssted,True_Label,Predicted_Probability,Predicted_Label
-0.24907618553370506,0.6489824161415306,0.04981459013882795,-0.762709271975363,-0.9174249051584112,-0.0723209266398391,-1.1712506816355481,-0.3230997655076565,0.08456511762213226,-0.5309688312992737,1,0.7635286932112246,1
-0.3547313166455017,-0.6297014950292145,-1.0543360446736265,0.16394586189240623,-0.001281259469148073,0.6038857734557748,1.4574614511552781,-0.14508979346747258,0.9148561090526505,-1.1746751165430513,1,0.909943078585535,1
-0.3728790545227538,0.18281339961722093,0.418780696790819,-0.5726973145679399,-0.027622506808306226,0.7986928113116817,0.2721326488487764,-0.14471068536582446,1.1006372677609495,0.911067441802703,1,0.9136688463437816,1
1.5751586705550609,-1.9619453672202403,-0.49342849212024453,0.2532935420092682,-0.38977556035479766,-1.1687856625026174,1.504828647315711,-0.2086518119722486,0.7705821880235968,-0.1342918597617387,0,0.375716187576451,0
-0.2655467025603838,0.5189805401516522,2.234777920757798,-0.09398509319613846,0.5685454308605117,-0.6584895365750175,2.2659707925334835,-0.13878204171646816,-1.1056199106588152,2.0534250742868068,1,0.45661788931672254,0
-0.2865622474255411,1.9514786774671986,1.652117450110378,-1.2356222071108163,-0.9683360024219474,0.1035231596038985,-0.8630194982365015,-0.2505971888367038,1.549531932635973,0.5046373434796741,0,0.7781894522811331,1
-0.7807632533793696,0.08613470173417556,0.2709883778587591,-0.820892615375244,-0.650893935512397,-0.6892344716486591,-0.866494515112492,-0.24025290832346582,0.02811967613135165,1.0168169987978568,1,0.6519186924646562,1
0.04996963753758013,-0.2922061184984393,0.6899968882434622,-0.8205963743682865,-0.32254308254996733,0.14409538972262853,0.597674003783749,-0.26258628295146075,0.17026294867541678,-1.6801992263819474,1,0.7022257904783997,1
-0.2843072329561795,0.11607558899888633,-0.4072443849672434,0.0740560659918189,0.5364267093549142,-0.21507919944765072,0.026843496427871136,-0.18000488610341533,1.5751717540417,-2.5393479819763263,1,0.6973017937209272,1
-0.9562444102343238,-0.07763897153283181,-0.11548022338333276,0.2567673553169182,-0.6126901101793862,0.631906650761542,2.623576887612848,-0.2756389874307059,-1.5668832528559273,-0.5723350440645011,1,0.896827023429166,1
-0.7016501264992394,-0.5649989640024217,0.2393049445842713,0.9174939189546499,-0.046598835149064086,0.9109777648104981,0.261354310425977,4.358354492822052,1.6379161453264515,0.21178095278393042,1,0.9239391562680837,1
-1.6153418855870796,0.6833509744600788,-1.1243447744781512,-0.7352908649216409,2.282788942197842,0.6998396749041343,-1.1082800323933626,-0.15932069074302166,-0.28261947444725266,0.3473783320757716,0,0.9286405011810925,1
-1.3495169553941067,-0.6273496796511192,-0.8595216464359965,-3.0418236885712933,0.09325738900036408,-0.6290939983292053,0.6817779104361156,-0.22062219218752926,1.5674410693979048,-0.1943488812863306,1,0.7652388152919308,1
-0.30084356301217574,0.5027528499135985,1.8552482417662604,-0.6687370399192227,0.21069756069621773,0.8813305155503637,0.14174493711660616,-0.2789693639083596,0.02811967613135165,1.0821811553014007,0,0.8569538660725666,1
0.5853167681316217,0.42128107865608644,1.0713396735703997,-1.9724038900464118,0.0786385764639284,-0.8214488881165303,2.9077724507807394,4.3564825434506975,-0.38816508787335835,-0.3604819086376142,1,0.4074382845997478,0
1.2520785465354063,1.5543304624269003,0.3273183748699412,0.6811660811818451,-0.8497785785702507,1.2806809759962594,-1.1370199461299109,-0.21962157808994884,-0.8797838934038227,-0.5493506052545793,1,0.9074130638717954,1
-1.0542613419590536,0.16609506971967075,-1.4301164344923747,-2.1376583830505536,-0.34812463714220654,-1.9355994898613096,-0.8192219731203487,-0.17891327486096506,-2.36929906262223,0.1693869948173672,0,0.3546463135745683,0
-1.2831372971248698,-1.898187429445135,0.755146641568406,-0.09498792800765715,0.733599859271234,0.7090112576291842,0.7325656121498338,-0.16263749386234183,0.9444632196388896,-0.9695467378348167,0,0.8544758832354854,1
0.14698016508038633,0.951943703187495,1.1508383947420622,-0.9506384110697111,0.004392934191295473,-0.8960067463552448,1.5935541515072216,-0.2385685754196155,0.7603782063332033,-0.4065980283944695,1,0.44176812609146743,0
0.8484866718756873,1.2054268730344038,-0.24640316210075713,0.10606157913365695,-0.934265392041955,1.4311739552604499,-1.4047649988599764,-0.2720915593870049,0.9371569480699982,0.07501853451893047,1,0.9551955498633097,1
-0.19860822141349996,-1.0061252504499854,-0.4843218010926974,0.09864944821009965,0.05420920663094019,-0.34969689128682185,-2.8748156305101378,-0.2151881042245291,0.6177490144038071,-0.4757165977032551,1,0.6692744986195109,1
-0.5525439999701123,-0.6251482873465587,1.607804850619026,0.2714065167386333,-0.4252275054801722,0.2854870229721439,-0.04753195485655182,-0.23735833406747128,-1.1184018871838854,-0.17932127006957269,1,0.7051758252648445,1
-0.011062513972043254,0.12261848135517706,-0.7270716865254002,-0.6510974248927023,-0.5790240458665649,0.9434547863835474,-1.4991435391178207,4.349521626567453,0.02811967613135165,0.24641753765412786,1,0.9315957282804104,1
-0.51478641722374,0.352749712855948,0.8467498516322008,0.055581362058910726,2.9978039896082884,0.28717610236618935,-0.8604596887219814,-0.2623948070564188,-0.20261224880264492,-0.4154347461838132,0,0.6862958372980086,1
1.7088854435831835,1.8860953465125059,-0.6281743474586231,-0.5745561663290132,-0.7719347201507322,1.5512014625442903,-0.4005125422484532,-0.21539592594580517,0.08353837026304013,-2.564386086907359,1,0.93812285662115,1
0.7019937917054039,0.5811605746893304,1.0045700463107268,-0.4203639305880474,-0.4736998699238977,-0.6627961371798864,-0.22915185787659442,-0.18020485172930614,-0.20408513289579658,0.9138523249880954,0,0.4987055779584209,0
0.5928520075277944,1.7991354070060772,1.6572390216357784,-1.3087556379490153,-0.9285116136642206,-0.38675701032871157,-1.1490672446912895,-0.2340017750212354,0.02811967613135165,0.6542636388015853,0,0.5595128798485576,1
1.5941337509530358,1.1903094040005708,0.8102569984995519,0.5708473045469736,-0.801100528479575,-0.8448833337018329,0.17047849630192852,-0.25824521379725823,-0.8918688532808356,-1.1121984219093768,0,0.34158889607888837,0
-1.4178930714693363,-1.6351863527913362,0.6747024740353049,1.3701913988612355,0.01317898056809475,1.0071064208575204,-0.8435077987567691,-0.23468851603560204,0.7839718147972131,0.8026230769780435,1,0.9240882205938474,1
-0.7842883186946179,0.30063583053791487,0.852796444916492,-1.1684567579163085,-0.5278459100198201,0.11821021085520227,0.6206891298511513,-0.24872400776798623,0.02811967613135165,-0.1704563456996534,1,0.7840794315906611,1
1.0320406145683654,1.2378281498282004,-0.22933288600650314,-0.017624936466266002,-1.254810137598129,1.300678468366368,-1.5839943872075282,-0.2504570955436655,0.02811967613135165,-0.8570549682018238,0,0.933497328428438,1
-0.7463290009781628,-0.662779502494979,2.2611717163636995,1.162930070604752,0.4997625185504139,0.34575593828912593,0.37447105744749865,4.354655075558486,-0.21411565257977394,-0.33136123592501054,0,0.6620126203085374,1
0.31982546768158243,-0.5776976880305952,-0.2597528382627668,-0.8542114195222378,0.20055781055583158,-1.2691953431692018,-2.737235331420609,-0.25902331780864324,0.3511843986383422,1.0689575353052514,1,0.4000844042519266,0
0.1965080861087563,0.26647593564027844,-0.30842115184685637,-0.17500193071585726,0.1313395505119083,-0.6842138628389408,-0.46903264036715414,-0.161980827122901,1.6733228569771057,-0.0036195557523604894,1,0.6325863252796522,1
2.0051488832456066,1.125267719077976,-1.2629119533817257,-1.1319273816714248,-1.0006591351936114,1.154943868449098,-0.8724422323523308,-0.2585097336622543,-0.565506857193389,0.502534322034775,1,0.9390382910038977,1
1.077089273354327,0.9259786086174872,-0.46443733907789475,-0.6480035392020144,-0.9007955661875091,1.3981955166293025,-0.5536673981279494,-0.2856071624287598,0.9011679748144493,-0.7123035808502186,1,0.9493786990296225,1
-0.34229899601203106,0.30966022797527243,-0.2569249773867852,-0.32048983500860123,-0.567967501595293,1.2750583631965606,-1.404766999873826,-0.22136744370983977,1.4195396256500428,-0.44114009049556346,1,0.9537906624236374,1
1.1697538672542345,1.3444598047628826,-0.6993751469521874,-0.940640534322324,-0.4485141287247042,1.0033826303982198,-0.20112531809489223,-0.3032378186260063,0.02811967613135165,0.855013693841671,1,0.9340073430632394,1
-1.724347968543813,0.7642400600892417,-0.2701379000423747,-0.03350406029582465,1.414786978739168,0.5972054326015132,-1.0473322414262878,-0.22585487793571676,0.02811967613135165,1.5250968124708888,0,0.923483693032912,1
1.619973140545308,-2.4436938619361643,-0.3660184535816566,0.5870346723242821,-0.19659739886394417,-1.1214694561735505,1.670508428852306,-0.27499994868280614,0.8860301517894734,0.9035716904972472,0,0.39995774779872245,0
-1.0309911394046112,-0.6356102274152176,-0.4912101048481141,-0.5522666655291287,0.724492074234853,0.19456524859434202,-0.8894826318445781,-0.2809968377973991,-0.37775270164257607,-0.5093920570332207,0,0.8202937695639095,1
0.561285478441644,-0.08146991487593395,-0.36769492483212124,-0.00025006850508877445,-0.3669184689173205,-1.6460022422072071,0.12045486332144735,-0.2249643191270456,-1.329771378620791,-0.4663550125707356,0,0.2601103668923609,0
-0.6829651849691497,-0.4064436972433352,0.6900835863956136,0.12952094808631598,-0.8068051786283271,-0.19479499826004043,-1.6983616813012519,-0.18043413593131052,0.275770194219511,-1.3793645198008448,1,0.6540020806224011,1
-1.5538835354697098,-0.48357842357209585,-0.6760694477910218,-0.5251753855656536,0.46019660215828206,0.6257883978806116,-0.5655428343114173,-0.12362418770120664,0.02811967613135165,-1.3150424340626636,1,0.9041739497747574,1
1.3880878055575028,0.5915764819075847,0.2804054581397262,0.28774565151576614,-1.347266989115885,-0.18884340131657743,-1.7522709142036443,-0.21698670849154492,0.15052210810964398,1.701401685640574,1,0.706291646007971,1
0.2612384425322751,0.0872664615250008,1.2889453584292832,-0.9922214013833025,-1.0258202019241434,-0.32200508737867023,0.8670543133562048,-0.23698493713778312,0.02811967613135165,0.13699692287511392,1,0.6026163393401999,1
-0.9734410311794439,-0.7874856028477143,0.20675939247067096,0.23596483356453982,0.2178136322794609,0.8555837076713403,-0.2071365257884777,-0.21358623676440544,0.02811967613135165,-0.3028381945132892,1,0.9010860885206551,1
0.4225180565010155,-0.8620959164156595,-1.2294946457369134,0.7891154374225837,0.7016109166801656,-0.00293705112732339,-0.8262477938763167,4.357193903523377,1.187030877911558,0.09085179639529839,1,0.7996886299441731,1
-1.6801924714203351,-2.1334101882320664,-0.8441712122754684,1.9927165917147258,1.3353505407097657,2.1313061116000664,-0.4388301660250847,-0.2722128249285513,-0.6655350566073351,0.43417194887861654,1,0.9834640761664168,1
-0.783010755174418,-0.47059126826728853,-0.2629351136184264,-0.7624391013097408,0.36067990356561624,-0.9027232030418123,-0.102388918541354,-0.29963801811208396,-0.875779466914221,-0.22484848233904461,0,0.529819545176877,1
-1.320396465674129,-0.6036230947042047,-0.267951641646077,1.0990143751451242,1.24338761163353,0.41152997814698966,-1.2838693686821245,-0.304204710136906,0.02811967613135165,-0.609250799194849,1,0.8464003920013909,1
0.5274652820697324,0.3639840645207469,1.6642740057183314,0.050729867259534336,-0.5277852217160055,0.10742939732790556,0.903964225338898,-0.24914236701537493,0.3881543487901519,-1.3780398631910216,1,0.6195395493508905,1
-0.2988247433961041,-0.04051691444785716,0.38821107346631745,-1.3460818249453732,-0.06533185421701965,0.8207948452835365,0.9608911425558104,-0.2709130424850847,-2.447797593631465,0.28283883699029083,1,0.8709368324754855,1
-1.374576442468242,-0.45405174606289,0.378427824651356,0.3767721292768274,0.23868729492847482,-0.23150636632352248,0.1403595730362894,-0.2900731654936668,0.40083898194986317,0.5597776396329657,1,0.7577370896662416,1
0.11879111824192896,-0.8177956162053415,-1.1606131900103887,0.6844613698094104,0.15765418600506736,-0.9412126553118569,-0.16121186144552666,-0.21960076248565621,-0.6836587568257229,-1.319615352466454,0,0.5038939763254032,1
-1.0630236832041515,-0.5474827768168984,0.428327860991678,-0.8902276758693116,-0.271558701625422,-0.8480611051254889,-0.6445506179254007,-0.21547063767395705,-0.3749041846457308,0.6080338165503628,1,0.5588911374401095,1
-0.8836217633634198,-0.09077664538188324,-1.4029270290559448,1.7744591225779038,2.426218609000618,0.3697909847899857,0.7237804888043452,-0.211800420972288,-1.2489570913718047,0.8557011626095397,1,0.8837867673564136,1
1.554506646579359,1.5480522838867494,1.0715672856307792,0.14812815295259738,-0.00890181944844602,-0.6046533785951531,0.9554454400381234,-0.31648909009812554,0.02811967613135165,-1.1456332415940316,0,0.4029612281346074,0
-0.9113431157483867,1.5237242887799118,-0.47826779445810524,0.7202290170232327,0.9496348039289855,-1.0289330771755782,1.7500095818975514,-0.22914514464712726,0.42615817456694755,0.12419998402858988,1,0.6152678689078867,1
1.2277188145339777,0.5081455515949219,0.010471105509508031,-1.488893607536818,-0.9249423822340205,0.5717993337397219,0.6515238217485768,-0.21356086641698507,1.3321054784658257,-0.1662880165465549,1,0.8649755694454478,1
0.2170550310442672,0.6145840338927916,0.7535820888338298,-0.6127904430189477,-0.28188087595691336,0.3982055750727752,0.8294389185386285,-0.21452284969364488,0.06879414300993833,0.4914842083815696,1,0.8193089820299659,1
-0.2999630338211565,-1.7487887988742579,0.8279517617143923,-0.11110790476311569,-0.15573526433309828,0.3908035384297528,1.4722741258102159,-0.23641086638092326,0.4675756081117681,0.022325496679582484,0,0.797350270416019,1
0.9710188289931106,1.1186191710088589,-1.1370638585086381,-0.9153815374259698,-1.7352512568900003,1.0198518553812423,-2.191402241312141,-0.325579522549591,0.540038239917681,0.6746043810037143,1,0.951901193302415,1
-0.40993852994974295,-1.5294314566244882,0.04413617146028117,0.9051684182409562,0.7163156074768127,0.1617908234016752,-2.299532651050028,-0.2505695864306904,-1.8066515745153602,0.07143914311432033,1,0.7063337539646155,1
-0.4298124765646391,0.8569551940658839,-0.6049707284399725,-0.2952224121286917,0.910747652264362,-0.3400480770583693,-0.6502090511852976,-0.1637680409940019,0.02811967613135165,-0.3131927284532712,0,0.7209347911251395,1
-1.1835056307403486,-0.9850969911350312,0.9736060545470252,0.6537042452747505,0.37319181559321934,-1.2063048660931968,-1.3183544982923074,-0.2337632853681075,-0.4128125138762974,-0.46505548010871867,1,0.3271917885120712,0
0.6700258190608281,1.0933838540695326,0.9340000302540903,-0.31567842357109843,0.03666224114485979,-0.0756489785381787,1.088374765304824,-0.2177350446375472,0.7447422822423255,1.02440581237026,0,0.7132190343244333,1
-0.8855721998801313,-0.6929794536209688,1.5002718574786476,-1.0193545697686959,-0.7492015193581472,-0.345468386838276,0.7758374926417911,-0.22092669053078204,-0.19676936361416766,-0.3178975001991226,1,0.5982490925994881,1
0.52973519748093,-0.09644217871487357,-1.259951361184158,0.7988219674317373,1.4337816720744203,-1.3277250304530919,-1.2783911275730466,-0.23223542121930038,0.02811967613135165,1.1074160148140597,1,0.438329243791515,0
-0.34606941406786423,-0.006838298688082039,-1.2232335724121572,1.1618848774972221,2.098621268765823,0.13378179646478663,0.7073585582725822,-0.22291648655677693,-1.989674506397218,-0.9732674404152417,1,0.772716167340805,1
1.0009235125502998,0.01710367984303823,-3.9316409775449412,-0.0852583293618563,-0.5058312809630656,-1.8404932523794708,-0.4035225728167286,-0.29697588000739106,-0.28797288491129547,1.2794030416185314,0,0.5864622608538678,1
-0.12009266806620611,-0.26679620261214754,0.6332528829334443,-0.4519972715419327,0.34910241377183887,-0.570740946795166,0.09824814891538469,-0.2849654319672616,-0.7771185169450981,-0.3547286619719812,0,0.5068542542046242,1
-0.4876865721484091,-0.2244148921551691,0.4939626440649023,-0.272816296726656,-0.02052130296985757,-0.19674999749154792,-1.1696110154791448,-0.2695860628543722,-1.4110356358704088,-0.7288073016304175,1,0.6228438978371579,1
1.296396295880413,0.9352177797299402,1.6057598737155225,-0.9388968816852707,-2.208694700446026,-0.37642555899773544,0.5085100656636836,-0.24036334929701003,0.02811967613135165,-0.23305362254453232,0,0.5325763598628948,1
1.4749331316977083,1.0998556858004485,0.2962055485903963,-1.3022207035464954,-1.2828353515819244,1.2427031128482309,0.9958099783873879,-0.2478733263125612,-0.07546397530656684,-0.8749351199732904,1,0.9138749400278492,1
0.8771856879961412,0.20723935222968282,-0.06828819133668232,1.7117141156708175,1.7966734162157703,-1.1294678065524728,-0.936604946514482,-0.2413938677725231,0.6137694864556805,-0.6159233306308233,0,0.31820884196492905,0
-0.9278149497227044,-0.44424060789014513,0.598418906505702,0.4552773787391478,0.5551973129359424,0.29349222907928907,0.015400849284336268,-0.22820246494503035,-1.1092619414842433,-1.7289751987305568,0,0.7329486709252175,1
0.13412701460058052,-0.2036814993641219,0.5891378001173488,-1.588782922988423,-0.8138861978533882,-1.7396389067596598,-0.6031337222783942,-0.2306172323407549,0.02811967613135165,0.6838896902749868,0,0.25725131537059176,0
0.22079734665229936,-0.052348236180595475,0.334584924119438,0.4009803712988534,1.2617245353280655,-0.2682652670147266,-0.03984533428002871,-0.3070895693175163,1.6859084398673532,-1.3986829899693924,0,0.6021031644478286,1
0.10815659057399639,1.727571738008439,-1.79463547883459,1.8836335335641237,2.182633633635275,-1.196402548814178,-2.4966218278377617,-0.2476106472199646,-0.07128091907489285,0.14560995186864534,0,0.5180740233916125,1
-0.19720910500342012,0.08378926086970251,-2.338716724533974,0.9238873384886177,2.3385653564045303,0.5947768481199536,1.4381035260513018,-0.2057850848852912,-0.6827576080837983,1.1896973586213337,1,0.9347265013457148,1
-1.0495876725677902,0.10017983140221853,-0.11105446275102845,-1.3116522241198825,0.4348238522244808,0.45466649290901145,0.37411085802667016,-0.17528010971572655,-1.0299683506579491,-0.9624848964215932,1,0.8495494806451035,1
-0.9161695302305258,1.0175065173365188,-0.4721086161250431,-1.2071905580767417,0.0016073418664031226,-0.3825227351913391,-0.38361624487389306,-0.11933716008755632,-0.7421730202900628,-0.021668440645303114,0,0.7498042036089704,1
1.0127518959060122,0.4984447428031828,0.05428308824688432,-1.9031844334872685,-1.3227017358626516,0.4977647648797451,0.8830022559908083,-0.2813044558603777,-1.2615891652714581,-0.5231319564647924,1,0.8225273471381134,1
-0.44682877544514166,-1.4420984989979428,-0.5222073893673551,-0.21113379936704255,0.2864122460970411,0.46929792927978076,-1.3580311888294316,-0.2063008315644456,-2.058137170112162,0.2215641819382286,1,0.8314941649297092,1
0.061712430360778774,-1.4557482458887814,0.1829087434985146,-0.07386626728658695,0.19312741556665652,-0.14391999573132086,1.0551030488279476,-0.1789251177258548,0.46869824876837096,0.03054481620503814,0,0.695161031856828,1
0.28087951817449736,1.4128916241036025,-0.2434245227867001,-1.3762736823824893,-1.8628029238272032,0.048891394725321516,0.6254445575636032,-0.271719976554795,0.02811967613135165,0.5399007648477943,0,0.8518331952614405,1
0.5055238395318948,1.2134646751042961,-0.32393943497539107,-0.5932110976883971,-1.6268713849261947,-2.3277121268577177,-0.9188336892135105,-0.18676904232835004,0.02811967613135165,-0.06823488904381893,0,0.19585904443174304,0
-1.3078633520482605,-0.32394752003244115,0.05152626483808468,0.8546121577787237,1.5241602891176191,-0.02447738365383822,-0.6628840577819235,-0.29537176980776436,-1.1144180828030659,-1.2858413768707428,1,0.6974591867692116,1
0.35749951037129857,1.1603570440657314,-0.8343561184542082,-0.3523089572492665,-0.5672062952696775,0.8971133026842656,-1.8131154387041795,-0.3134457784785158,-0.37307779339618186,0.25609782369839973,1,0.9288071114479008,1
2.8298530987784214,2.1487180941478448,-0.17510280426121014,0.8984378820007903,-0.7025934758409157,1.4892764811643433,-1.136762258709979,-0.1684730878982224,0.5773915021680177,-0.6697212104594564,1,0.9233344570174706,1
-1.563531960886489,-1.4028569636346675,0.25564131498518256,-2.6256430680172174,0.09360925336083975,-0.3991040122314396,1.5694171047987315,-0.1925127951012125,0.02811967613135165,-0.34649356607251125,1,0.7039611993747951,1
-0.34538163355523244,-0.5442327781624622,-0.31598900275882824,-0.4176915560003806,0.12749037313544762,-0.012228743024522043,0.8363192685793708,-0.16554650479628796,0.12433827913746656,0.8392468121221455,0,0.8110335410085135,1
-0.7382135850423447,-0.06583258952521776,2.060701450091822,-0.6920607240247848,-0.7310847242061836,0.20930286013995497,1.419158290223672,-0.25272811819936,-0.7320386780672334,-0.23615423125352816,1,0.7034565456433081,1
0.467787609661083,-0.7534562793772793,0.17009616042825254,-1.1294489865888517,0.3431034844362843,-0.685609295399893,0.9628486587739278,-0.12289234798569762,0.9060975705967671,1.3387861204430413,0,0.5874125457271385,1
-1.7296291418724765,-0.7136993765034053,-0.7706769314540804,0.8994066995061948,1.7247515718210087,0.96099462792211,0.04638765413964636,-0.2647498389910089,-2.264252225998476,-0.40295019315488545,0,0.9199600745583408,1
0.6322877102418204,0.1249046249986229,0.21332737500227414,-0.9442259627845909,-0.652902904722654,-0.7896500687398451,0.011294343021008457,-0.14204045150826136,1.1539347540387612,0.7372610531824114,1,0.5698162549549178,1
-0.29511011077463567,-0.8019034781915704,0.19378083025696768,0.22711480375962464,-1.1423268066095955,0.1796266826949004,1.0078763035137133,-0.14832538936795034,1.2853237423881354,-0.7823234007107501,0,0.821717389750409,1
-0.8002400576825686,0.737919665509925,-0.9173529553667559,0.9516244706100008,1.93456562254751,-0.19100297073718223,1.035493000896911,-0.2675644130268624,-0.18255062861907326,2.6554373494300583,1,0.8453950589344587,1
0.02466466074280853,0.027051958483933037,0.6811633035381879,-0.6593761742174424,-0.43098711208368984,-0.23829184113718713,0.08762330751214858,-0.3140043192640907,0.7698776581240812,0.09892489641524761,1,0.6813431333553158,1
0.9231167047224891,0.9568663158589104,0.8339046546152795,-0.1349875796147412,-0.13909376508082144,0.7221468206306192,0.9201469067245382,-0.222994026944839,1.2245810281198284,-1.3644935473864979,1,0.8247589826871482,1
1.0690874573691367,-1.2374231837889396,-1.4699834341754632,0.6959907585404593,-0.47536097765466834,-1.7589030001834531,0.2684807110084944,-0.22213113907692972,-1.127964224093744,-1.399634132037246,0,0.248201231216407,0
0.5466423663351173,0.04440623468337377,-0.95279292470227,-0.3952672523431965,-0.41430222060505956,-0.8883937886228149,0.8595993769460224,-0.23503103399596334,-0.554817431888737,0.6215898124623795,1,0.6031011752568244,1
-0.7504642012738378,-1.3190557672876129,-0.6251369713331894,1.138616857953669,0.39190906673820103,1.0051286835936224,-0.06632338733136897,-0.26805848622837436,0.8375448261671411,-0.036407329905496215,1,0.937560900652615,1
-1.308729263586617,-1.0373775904825,0.1538379864221377,-1.608595020558398,0.2938894493877047,0.018777301983279017,0.6501410937424384,-0.27486341402789577,1.3448456333337764,-0.48929929209437295,1,0.8069049797259902,1
-1.8581161466869165,-1.8259279631807408,1.7744167331196818,-1.0135945662320383,0.3767813394958898,-1.6317288100808207,1.1501520069989115,-0.19801937611674192,0.4284767487886297,0.2733775661780076,1,0.24731688232946308,0
0.9083450150797333,0.6709981629159185,-0.3897286917427758,-1.5539697768450833,-0.941046583789635,1.2301028179512212,0.1975049308595829,-0.2039172309002264,-0.391613007763213,1.086949207002349,1,0.9476151234115369,1
0.44869299282916375,0.3236701964034813,-0.7652845507748329,-0.10075784383844838,0.17358350618776394,-1.6665928676082598,-0.44663807363838814,-0.19326022921521535,1.4026885302770065,0.4255690921393746,1,0.3741259054238826,0
-0.49064397742826715,-0.7284548970900536,-0.12267441658380837,-2.149231463152001,0.011292288605126911,-0.8981693477962466,0.7467867195839817,-0.19157429845251173,-2.0973616129128976,1.282914110986423,1,0.5402417350320522,1
0.49843875188764136,0.2863669951402644,1.0760360824635515,-0.8204370118855048,-0.7856874680426873,-0.5579576581436206,0.6271050026404825,-0.19831995352294826,-1.3100665441738324,1.2810554235185312,1,0.535834838759904,1
2.1246419107626777,-1.684942818771904,0.6083882368756846,2.0340438472981663,-0.33409995077590826,-1.8002568325028192,0.9494416606769519,-0.2556604853989811,0.3409470738738093,-1.1711532416991715,0,0.11202067217801516,0
-0.36099260002090494,-0.24043289394467296,-0.25140570403984847,0.04990619996420615,-0.22639428508428205,-0.21107386060489836,0.607074032850806,-0.28264275648626935,-1.3896876097485096,0.33047029310253656,1,0.7337668479779559,1
-0.2759663855316572,-0.1855276060296544,-0.741484111319931,-1.4263427185996538,0.021649643957469843,-0.534285435680579,-0.7068632289388803,-0.24208372561262526,0.02811967613135165,-0.9685789192058433,1,0.6579163774352141,1
-0.09597648317352084,0.5973612506308033,-0.7560649647336012,0.5177626162176013,0.076635077655289,-0.6350008847495725,1.5946207328195536,-0.21822454801354843,2.718024300568656,-0.9385302488938574,1,0.7239170255180883,1
0.7103446892256436,0.6073685222759858,1.605520492305444,0.8569778035492526,-1.5153809256664519,0.37464197980986913,-0.8821365414831684,-0.29190551553654615,0.2716360772919374,-0.20477470468206335,1,0.7366507538167459,1
0.5675919262813556,1.1006263642812357,1.4747376570784796,-0.05759079561520588,-1.2526759286100573,0.2564173882992049,0.11824622614740406,-0.19363995032479295,0.6715759645930072,-1.4723527855311551,1,0.7078165497902331,1
-0.6535814637868669,-0.7193490972097141,-1.5098478017566233,1.475116377754806,1.8241477463978664,0.8222354618863508,0.8530328590919315,-0.28883200116812396,0.6518945475864163,-3.1327216651383725,1,0.9001187453335908,1
0.7717929493921478,0.7607242297661869,1.323024112684903,0.5001000430634599,-1.0490401393268076,0.2590749881389045,-0.5109384184991144,-0.20867063836339364,2.7648709268943232,0.38106841419627574,1,0.7880626087403717,1
-0.7309831569943276,-1.0246568536382046,-0.3890462908587535,-0.012605435047429423,0.14880248055104003,0.22686667761532123,-0.10991913308937806,-0.23000841750942097,1.1046239728234495,1.3256653703271981,1,0.8771964454026063,1
-0.18533529772640175,-0.07467842898636184,-0.03201041210600194,-0.689688987351193,-0.4304947614532731,-0.44222366359705256,-0.5000891697178945,-0.25960313482763486,0.9435435594673853,0.973957611467479,1,0.7217337811585424,1
-0.702739287433951,-0.12246328656949342,-0.39024270063506156,-0.22307905995154792,1.2308717412112247,0.2492252129894772,0.5283883893881733,-0.2806301811428618,0.6728668772308217,0.7241619448181035,0,0.8593105111395101,1
1.0472365656023241,0.006352009487009083,0.09344398505189447,-0.7141461855416856,-0.2573534424607822,-1.050867422748601,0.21148317420458032,-0.219222534213024,-0.354872101353041,-1.2425590045531794,0,0.3469162206203159,0
-0.31885294632837546,-0.7404019578171537,-0.3193296096390297,0.2591351849840746,-0.6678399369429779,0.20376043985639655,1.9495557443859495,-0.20640665892784307,2.03195144241313,0.2981278088478532,1,0.8800172033282496,1
-0.9190797819209553,0.4479058331530173,-1.5813223389214275,0.525451455527171,2.213134300411223,0.6643441925221075,1.5221428270525466,-0.2350884474307743,1.5707677883182278,0.0692717893601679,1,0.942021666340168,1
1.8914673150016887,1.2381655717287434,0.1120684572669191,0.30480312114522595,-1.3431825862186901,-2.5910862121178995,-0.9652845887664133,-0.18438433310693345,-2.0692305727292073,-0.9858944570188616,0,0.06366674207669158,0
1.784213807918364,2.110694539620175,-0.9788529315862862,-0.2423224097869136,-0.6578730439065885,1.0981773032984636,-1.0296299419325443,-0.21146441596989174,0.376545597765686,-1.8741695507216145,1,0.916018502528342,1
0.47408069645615314,0.3773011336110878,-1.1338061200292269,0.3620871380276414,1.6120838374747832,-1.219911572288781,-0.5307697866571516,-0.23638686658347388,-2.2216308804649514,-0.24251807712659482,1,0.36627310056764306,0
-0.6565374812582451,0.13555894731080348,-1.4391563508647254,0.6496509248474267,1.3584902144799,0.382457731503565,1.0427740156543124,-0.18922786381671294,0.3091475844433417,-0.2756993979193695,1,0.8997498172594899,1
0.0386014466543867,0.2844202957504339,-1.187727901738041,-0.5223704546342409,0.42391252442893634,-0.34221148368715704,1.524414551878835,-0.2541673286869263,0.590972918312593,-0.5135555311635563,1,0.7686860197813581,1
0.16001015917452766,-0.010707343032144654,2.284168339741957,-1.5804235549569154,-0.5135333699993095,0.2950988870487114,0.16786282105482192,-0.2950925929603688,0.02811967613135165,-0.32546175607714395,0,0.653065899430332,1
0.856174741107976,-0.2691889524927656,-2.042917362491675,0.4201088830433967,-0.08914231585801513,-1.2326523007558565,-0.0007108444352406493,-0.24135438724164854,1.7949938956106477,0.317439216656026,0,0.6044954838265603,1
0.38450730518397963,-0.48959111204746364,-2.1593262568580474,0.5097292594727504,1.924380468193857,-0.4841327493520568,-0.6028601407757718,-0.17024648922150473,1.3728696327972203,-1.7438943829004574,1,0.6911858919286917,1
-0.9027422439281287,-0.7284655449520254,0.08388802213377738,0.3539169667377985,-0.8228092885581324,0.9634725305473655,0.17267011531337698,-0.21018261817489672,-1.258067563796478,1.3860715088355455,1,0.9344971514233317,1
2.1478311907311616,1.0839658375262227,1.3516341638560192,0.4707632209537853,-0.9859586834845696,1.1273651260638633,0.7263175071622475,4.359830525032118,0.02811967613135165,-1.808937869043537,1,0.8035818600545165,1
1.0262229295969567,0.43325130785137483,-0.4039934794807301,-1.4538492608804938,-1.089961498284152,-0.2712671154394788,-0.5557514280149077,-0.25975698984514567,0.8856631450042923,-0.021566521782143605,1,0.7247004384876955,1
-0.42896777257557056,-0.14715865346041707,1.6618093265773997,-0.28813330250053254,-0.1086042343960837,-1.2471401024927475,0.780955551719299,-0.30421440274319034,-0.6253107719162642,-0.4856064932680921,1,0.2682598316904383,0
0.34040895743856425,-0.08299420457648324,-0.35148539191590034,-0.27787439725783253,-0.64703403231426,-1.1543850509757214,-2.0498978851749707,-0.2300186131571666,-0.0632598438469943,0.04396777708422839,1,0.44080080495417545,0
-1.8588186168505396,-2.0479050722758805,-0.7192940664288558,1.1333431080577376,1.4546606388131833,2.330074908196897,-0.6667856519386525,-0.18487408807749048,-1.4455836705261862,-1.181208068578404,1,0.9816122300930041,1
-0.12775958745725277,0.292447333596944,-0.11299320566347738,-1.1298561220579233,0.14269074624713765,-1.0048378503972457,0.011100504760190774,-0.2590592763482217,0.23343106509524233,-1.0117552107352485,1,0.4694644198356382,0
-0.6354531041772769,-0.06354241658582577,0.020899491053027176,-0.17174741733472781,-0.9305911954627852,1.1400761247671538,-1.8704564236783139,-0.21694957956004055,1.3205474617072845,-1.8045547754283295,1,0.9313267700008961,1
-1.4500707596632716,0.25857070273319444,0.4739423841985001,0.039406911460867854,0.10613451427721751,0.042119176861096154,0.3365650414481705,-0.249355001499672,0.02811967613135165,-1.3027805720746095,1,0.7738472313356966,1
1.656507609483473,1.8247557163027266,0.28258732045175605,-0.2761333765743559,-1.620773854207765,0.41599354889853596,-0.8592473733119967,-0.25259348156417305,0.241111302402932,0.12613203798401887,1,0.8202577850067524,1
0.022825784193040228,-0.5545160446340067,-0.28356144225861707,0.009490465063920171,0.8686551911869759,0.3094566962626892,1.2956700227699107,-0.15357871279130517,1.8559744659457988,0.041661640518044,0,0.8486187690249866,1
2.0912611998134807,1.2509908472163005,0.6550767377864467,-0.6320645395082946,-1.2124779704101327,0.45416053696175956,0.7890692338696292,-0.24960677254332742,2.5928948483515812,1.1450255469142234,1,0.8447633830621145,1
-0.6670282799686895,-0.02020581161789522,-2.4149514026072234,2.0569249621191177,3.0843704170411987,0.1739189074003637,1.0383056582591574,-0.1845734500003555,-1.9267060517817773,-0.37344729016362077,1,0.855808560105775,1
-1.685495846465562,-1.3013304994479846,1.472441979785517,-0.6244303597174069,0.3208512931099428,-0.45740025394018863,0.9278614850142172,-0.2724411911030857,0.02811967613135165,0.6432952936694099,1,0.6107473846740057,1
-0.9087732160313492,-2.2203405116873975,0.24221992107765233,1.4674645457989435,-0.3741577416628312,0.15465681784581273,-1.7753889243296574,-0.138263033999271,0.02811967613135165,-0.2403409090822561,1,0.7677891616830551,1
0.05176913091106794,-1.127383354944036,0.3237259587817956,-0.3988055789556716,-0.1881675003719832,-0.23042759018572248,1.095613979194415,-0.28782052391991514,0.8892215833934173,-1.8241644713637306,0,0.6274133878385046,1
-1.0759994328431237,-0.8287404120903717,1.7006949351065042,-0.7527317257020599,-0.16296318636114238,0.08199810221223637,1.3499504590315314,-0.20020920448938867,0.7216363526480437,-1.0229224951716018,1,0.6940224973804846,1
0.06154067813496046,0.1845013640044144,0.132781413150412,-1.6478978767104913,-0.42965220896888057,0.7452130978888099,0.9141567651453616,-0.2374041221978696,0.02811967613135165,1.5567723516637153,1,0.9139037191959801,1
1.0687052357190157,1.3705060255177437,0.9941573950958088,0.6223275070420685,-1.006138656252475,1.0711956221952625,-0.5592556241005964,-0.1895366963750052,0.02811967613135165,-1.319670009298917,1,0.8625964498092412,1
0.44809185581504535,0.23241853708490576,0.7159045390876919,-0.3787500716273955,-0.5184412372099075,0.4270890712545578,0.23828167157064287,-0.16363936432338436,0.28141312015499215,0.25098271459957855,1,0.8105965336588906,1
-0.03847152519653306,1.0777187319681845,0.1561504493596143,-0.20668200524461822,-0.2681541439608207,-0.4336307379487388,-0.9859906180750924,-0.24863457769313638,1.713192217994199,0.2741326927459558,1,0.709279306365159,1
0.8182162502151308,-1.9130872826506986,0.7565845675031011,0.3199949522132866,0.23932990950382974,-0.3755446729790142,1.4928916637934737,-0.21328425368918974,1.5740362410174247,-0.9465103124926431,0,0.5160738194515838,1
-0.19830942206873328,-1.093702831262415,0.5564548395922978,0.22245160089650098,0.4449071850537572,-0.06971025226698428,0.6281801732330786,-0.26585638742915196,-0.15947578368553134,0.0742779474965595,0,0.6802047092068257,1
0.28943542716220244,0.8816754614689537,0.5092879860869144,-1.6242237885954047,-1.4643624279060499,0.9438982697415061,0.657744852402789,-0.2038716314433744,0.20085237660322314,0.31756564281428923,1,0.919312980714616,1
0.08917764150019558,-1.3594500847816353,-1.1371446779153607,-0.1936772129942926,-0.725552856811685,-0.4387367071514624,0.9764223751047709,-0.1678373224130917,-1.729638249796352,-0.4319147699342249,0,0.6863699584324583,1
-0.08556222829249312,1.3824616902396532,0.9052585514266391,-0.9948082348481755,-1.595824731866186,1.0976032010028092,1.0229579020224022,-0.21463965000367374,1.2951893443076434,2.6616568760011687,0,0.958181329282379,1
-0.7814432908568366,-1.3803936412448592,-0.5968995543387432,0.6821385315438055,1.2630333646444478,0.04845863734414993,-1.0535831419155817,-0.25303939786185004,-0.0832691738686045,0.4713647635941231,1,0.7914859285824103,1
0.30601477996927096,-0.405336478584167,-1.2121494454192303,0.631328901170326,-0.6229505485430049,-0.9554149320562002,0.23864060134487167,-0.2281369711667249,2.848884173742237,0.6842920977107778,0,0.6984783650980408,1
0.21904439469973527,0.5660466964530725,-0.249149432093916,-1.5935596491757607,-0.5336313903033209,0.9190500076618938,0.42692915347784577,-0.24027436516510947,-0.3194047748263654,-1.8862755211734765,1,0.8948051999268104,1
-0.5475915284582518,-0.945567076897005,-0.5217346887471915,1.3898708446735777,1.0207421012242528,0.8346422269331875,0.20910939837537024,-0.2063050023041025,0.02811967613135165,1.7393910012852158,1,0.9272860335588416,1
-0.9760764826125817,-0.14695958236948553,-1.2582193676286262,-1.644742403566318,0.015160720845009232,-0.18439256029611015,-1.209930777233454,-0.1990294524842127,-1.079388171162181,0.5733030610598638,1,0.82610641626738,1
-1.1383965456515635,-1.248874190809258,1.0216670585347203,0.6368358445872289,-0.08256423861221218,0.5645480889393817,0.701840036331214,-0.17862671858752804,-1.5103164081627076,-1.378243958836723,0,0.7844470837763535,1
0.0970371384950498,1.6516296261363503,1.039993190281449,-1.5548665410657363,-0.510364462196524,-0.6626625335805838,-1.3650093056253638,-0.20000108639551767,0.02811967613135165,-1.5130991433907612,0,0.4635409425813755,0
-0.09069229170948194,-0.8990209048604408,-0.8338168202501443,-0.4755760420446116,0.6237160858912495,-0.22917761469577821,0.3967087947320365,-0.20500768000928835,0.13415544343542551,-0.744979793509088,0,0.7219283173791182,1
0.41451779885848017,0.7020351683731829,-0.15287422415920351,0.4948520052841146,-0.7715576405341916,1.0112615162250094,-2.101643101088066,-0.21150738974218083,0.909520896223276,0.27599858924904463,1,0.9272560772244536,1
-0.9494785898394633,-0.9571787856960621,-0.8151713151489058,1.4413477090448055,1.1641300129250842,0.48600457840275835,-0.5575328709355568,-0.3276380802044223,-0.7512901636530752,0.7863381113566354,1,0.8856244016178961,1
-1.1990797108666589,-0.8067418570109809,1.044101286179484,-0.5778423992734663,0.14603784987041782,-0.10705616642231659,0.48543314598150106,-0.2553256359350357,1.3099699640694114,-0.778671037397566,1,0.7086764613592713,1
1.7792049406973947,0.38170434469984066,3.0319746806741987,0.7654273447948312,-0.6504105345842253,0.29097035220418976,0.8587347813633288,-0.25026627547385055,0.7448285213489737,-0.2906819069514158,0,0.5191702212153753,1
0.2542439678190738,-2.5776426812606466,0.020262145123854384,0.3690479130899371,-1.072213138597068,-0.43227507143515853,1.7735012710469245,-0.30526228940549216,1.189382285346377,-0.4796719731067692,0,0.6443165222819235,1
-0.1223670411369365,0.056860309107831394,0.9287136556559706,-1.7575081054701627,-0.7348690992615712,0.09641479638413643,0.42003635607948053,-0.151945541220837,0.4866622275730962,-0.9172911734828089,0,0.7298051435926707,1
1.1167540286636508,-0.8887493457361334,-0.8331658837403503,-0.07763971585506325,0.5789433814900902,-0.8936933192382789,0.6525609724120918,-0.2326841700140495,0.02811967613135165,-0.4856712689402252,0,0.466701717633153,0
0.22644819629480412,1.1899596588871526,0.5806999842391491,-0.6724276160771563,0.3889561967168055,-0.23802396331828152,1.1629037596131941,-0.21376965186952795,0.02811967613135165,-0.9532224430075417,1,0.6334076288609476,1
0.6181356249514248,-1.6250996845530223,-0.020020263107148665,-0.19106323677175135,0.5157175799221813,-0.5751675866722116,1.0829396113030496,-0.2765824755799454,0.02811967613135165,-0.5813119104001597,0,0.5060132426299624,1
0.163013942822799,0.45711425274450773,0.5600659566084913,-1.809949024700462,-1.0674143434756727,0.32170455469188913,0.8237100052152744,-0.22990803486593733,0.0687494488135471,0.7678962894614751,1,0.8391732090008294,1
1.2278012483470673,-1.3999182612245484,0.12923324233750633,0.25964597597800343,-0.16574257613220414,-0.9389428222138224,1.1803527635800402,-0.26076069969636956,0.6700790624365579,1.3613035546963275,0,0.4628224138041126,0
1.8264914123707485,0.25713827151942575,-3.0568213627622214,1.3908560740177265,0.1807186156307549,-2.4586208510393037,-0.9290946695389453,-0.25571192568678347,0.7380925241695611,1.1732258650564253,1,0.2746985617647806,0
-0.5608798052831622,-0.8596382454118301,1.445980413369956,-0.2860424293170075,-0.6030995148425788,0.28751716253099047,0.30248028051226494,-0.2702618845381643,-0.39333246745280687,0.42693123644298164,1,0.75683183950657,1
1.0090443818384258,0.6890320913500841,-0.37453317743137515,-1.5684412464695052,-0.6820343965879339,0.18132759471273027,0.2689774971089769,-0.25363293361500305,-0.964757595810219,0.5176318806649691,1,0.8018233775045015,1
-0.1502885729931948,0.18776940800106037,0.04676276683703661,-1.3120320877254137,-0.6235945525307479,-0.47012274633898476,-0.3347339777667348,-0.2298284897932524,-0.8069470038139305,0.19032421355230442,1,0.6521029079306527,1
0.5542069054842895,0.6858349817052332,0.4444801657876156,-1.003834245217898,-0.42783949556702655,-0.941820211751567,0.363680699050558,-0.25987566218664615,0.10722480801085695,-0.24790794144358316,1,0.4501126506346577,0
-0.8516446436603385,-0.5448054613588903,-0.4882023156874173,0.47345244211295945,0.3740872446661927,1.0622951753659489,0.2550651750342058,-0.20698574647047596,1.2851979894594607,1.8551667449083156,1,0.9603710134203738,1
0.808187920912731,0.016873488271172493,-0.06011433014838369,1.3357550105746923,0.6069370611722524,-1.0338472773805618,-0.32624209583014074,-0.20466082441914046,0.6830972892880138,-0.1407636545346657,0,0.40976829087780625,0
0.08453178429701874,-0.6188136053011534,-0.7544835755580084,0.17524077834157664,0.12806941049207268,-0.6725866811538732,0.2095844208155342,-0.29460499096390974,-0.7973894872012438,1.5291859100820013,0,0.6604811958796648,1
-0.9191479823669381,-1.3052886261629557,-0.16411617116319924,1.4856113894379064,-0.041994364043198576,1.5271923815134982,0.9231702793394884,-0.1619272844429567,0.02811967613135165,1.2129291815338028,1,0.9685414554635787,1
1.0533618983743025,0.7738764997223923,0.8498874848609308,0.568071224573927,-1.178138320560563,0.7791039996111545,1.5118009282446994,-0.27288008325079227,0.02811967613135165,1.154387625270447,0,0.8795328840612692,1
-1.1982890169022287,0.5945303021579246,-1.31229503864158,1.3174496911922162,1.8943011039889688,0.437442512112939,2.207919354321648,-0.21647673332155404,0.09902083264097222,-0.7535040315744883,1,0.9073628940025298,1
1.0863374494429798,0.9876058470591822,2.221771955542968,-0.7180814454399774,-1.179407709839533,0.9204057087081621,0.8819529228261395,-0.27475101340664804,-0.871806031426048,1.5069413065052195,0,0.8287881250070388,1
-0.9070844257800659,-1.0236604700182705,0.3468303080754514,0.23541983494094473,-0.8434124059314494,0.6250639520335827,-1.024969114183206,-0.16939899607124567,-1.8802805566631169,0.2641307966316033,1,0.8605537852700298,1
0.7053134957756895,0.6102754206392982,2.1073504011107165,-0.47203858244954633,-1.1225578273214845,-0.9803378278212744,1.2820397069665184,-0.2275305956019797,-0.5058556546519343,-0.6397400377036916,1,0.2858080177531321,0
1.1155392769895272,0.965846457473455,0.830398325280531,0.19448978720692553,-1.0750272095064708,0.4888126547341698,-0.5030606998359674,-0.24746838146176842,0.02811967613135165,1.2424496176585327,1,0.8239404344996581,1
-0.19403796334974338,0.7220534916462714,-1.0117435340824903,-0.024389285288743286,0.7485057588053791,-3.010360612706526,-2.0962277460092094,-0.19196024159926195,-0.949097413930005,-0.18846078435233468,0,0.08509002473426501,0
-0.05418370320701776,0.8385608565249394,-1.2933874630228874,-1.0226748142513913,-0.29798779446266227,0.23075948650683692,1.9107143954005084,-0.2549366875282545,0.5123625723935861,0.8548689878221772,1,0.9125584321961312,1
-0.17709394665058387,0.9805711912908076,0.03533011771030894,-0.22045521907634122,-1.1374153200205537,0.7604715939829406,-1.5809686355355224,-0.12289693915524308,1.4456015789001315,-1.6014659568586491,1,0.9006145573683507,1
-1.7331315574525035,-0.3197479085916338,0.5537158359278342,0.1705976276530891,-0.01712660433503647,-0.6853824830940585,-1.7688326628712203,-0.24834801084759572,0.02811967613135165,-1.0399283456822157,1,0.5704464295450093,1
0.5985336823414866,0.7599607913188019,0.4594155306813657,-0.6386401402203821,-1.160368959948688,0.32026263191248416,-0.3320435283760258,-0.18770090004915913,-0.13334307436412215,1.5527587136178505,1,0.838921911959702,1
-0.5065791033553403,-0.2928625364501798,-1.1541498340903709,1.1826868308721667,1.946661324586752,0.26599074940039874,-1.220285192155537,-0.25401594501146096,0.269420976347197,-0.020628524233696106,1,0.8453849899468384,1
0.2858709495730347,-1.4357893352149251,-0.003969609801805628,-0.0970225527692679,0.21720013402755683,-0.3454288627387581,1.0226791212177788,4.350049454973125,1.4393950714462187,0.5235219852778987,0,0.6765569147840986,1
-0.2299904772444395,-1.3061333207206105,-1.4072677030169765,1.3853597525679278,1.179991489287395,0.3277883008984949,-0.6012946672971701,-0.30080681806076137,0.02811967613135165,0.12396307425292823,1,0.8625069777325117,1
